Contract,sample_count,actual_churn_rate,predicted_churn_rate,mean_predicted_probability,error_rate
Month-to-month,775,0.4258064516129032,0.6761290322580645,0.6191925370096744,0.38193548387096776
One year,291,0.11683848797250859,0.08934707903780069,0.25133326371668946,0.16494845360824742
Two year,339,0.02359882005899705,0.0,0.07489655696532613,0.02359882005899705
