stage,model,decision_threshold,test_accuracy,test_precision,test_recall,test_f1,test_roc_auc
before_threshold_tuning,Logistic Regression,0.5,0.7402135231316725,0.5061511423550088,0.7741935483870968,0.61211477151966,0.8397623062590429
after_threshold_tuning,Logistic Regression,0.5165004288549633,0.7494661921708186,0.5181818181818182,0.7661290322580645,0.6182212581344902,0.8397623062590429
