stage,model,test_mae,test_rmse,test_r2
dummy_baseline,Dummy Regressor,49.599596837999044,61.472725766759,-0.0026682133664153174
before_tuning,Linear Regression,3.5563427383448256,5.453124930656065,0.9921098874055269
after_tuning,Linear Regression,3.5563427383448256,5.453124930656065,0.9921098874055269
